"word"	"frequency"	"included"
"c--------"	80342	TRUE
"r--------"	65113	TRUE
"d--------"	28803	TRUE
"n-s---mn-"	23607	TRUE
"n-s---mg-"	17454	TRUE
"v3saia---"	17167	TRUE
"n-s---fa-"	15925	TRUE
"n-s---ma-"	14241	TRUE
"n-s---fg-"	13731	TRUE
"b--------"	12558	TRUE
"l-s---mn-"	11375	TRUE
"p-s---cg-"	11214	TRUE
"p-s---mg-"	11104	TRUE
"n-s---fn-"	9196	TRUE
"l-s---ma-"	8927	TRUE
"l-s---mg-"	8838	TRUE
"l-s---fa-"	8693	TRUE
"n--------"	8588	TRUE
"n-s---fd-"	7839	TRUE
"n-s---na-"	7736	TRUE
"l-s---fg-"	7288	TRUE
"n-s---md-"	7116	TRUE
"v3spia---"	6628	TRUE
"v3paia---"	6099	TRUE
"p-p---mg-"	5943	TRUE
"l-s---na-"	5823	TRUE
"g--------"	5806	TRUE
"l-p---mn-"	5715	TRUE
"n-p---mn-"	5613	TRUE
"l-s---md-"	5493	TRUE
"p-s---ma-"	5353	TRUE
"n-p---mg-"	5082	TRUE
"n-p---ma-"	4989	TRUE
"n-p---fa-"	4821	TRUE
"n-p---na-"	4792	TRUE
"l-s---fn-"	4759	TRUE
"l-p---mg-"	4657	TRUE
"v--ana---"	4454	TRUE
"n-s---ng-"	4380	TRUE
"n-s---nn-"	4375	TRUE
"l-p---na-"	4359	TRUE
"n-s---m--"	4329	TRUE
"l-s---fd-"	4322	TRUE
"l-p---ma-"	4199	TRUE
"l-s---ng-"	4077	TRUE
"a-s---mn-"	4076	TRUE
"p-s---md-"	4010	TRUE
"p-p---ma-"	3819	TRUE
"p-s---ca-"	3728	TRUE
"v-sppamn-"	3579	TRUE
"p-s---cn-"	3498	TRUE
"p-s---mn-"	3441	TRUE
"m--------"	3431	TRUE
"p-p---na-"	3400	TRUE
"p-s---na-"	3292	TRUE
"v3sfia---"	3252	TRUE
"p-p---cg-"	3165	TRUE
"v3saiD---"	2976	TRUE
"p-s---fg-"	2968	TRUE
"n-s---nd-"	2849	TRUE
"v3sfim---"	2811	TRUE
"l-p---md-"	2684	TRUE
"p-s---fa-"	2679	TRUE
"v3saip---"	2649	TRUE
"p-s---cd-"	2617	TRUE
"l-p---fa-"	2600	TRUE
"l-s---nn-"	2588	TRUE
"p-p---md-"	2572	TRUE
"v3siia---"	2560	TRUE
"n-p---ng-"	2497	TRUE
"a-p---mn-"	2493	TRUE
"v--pna---"	2473	TRUE
"n-p---md-"	2453	TRUE
"v2sama---"	2433	TRUE
"v1saia---"	2289	TRUE
"n-p---fn-"	2191	TRUE
"v1sfia---"	2185	TRUE
"l-s---nd-"	2170	TRUE
"a-s---na-"	2162	TRUE
"n-p---fg-"	2148	TRUE
"a-p---mg-"	2115	TRUE
"a-p---na-"	2035	TRUE
"p-p---mn-"	2024	TRUE
"v-pppamn-"	2024	TRUE
"a-s---ma-"	2010	TRUE
"n-p---fd-"	2002	TRUE
"n-p---nn-"	1938	TRUE
"i--------"	1808	TRUE
"l-p---ng-"	1792	TRUE
"p-s---fd-"	1726	TRUE
"a-s---fa-"	1641	TRUE
"v-sapamn-"	1641	TRUE
"l-p---nn-"	1624	TRUE
"a-p---ma-"	1576	TRUE
"v1spia---"	1546	TRUE
"n-s---mv-"	1543	TRUE
"v2sfia---"	1510	TRUE
"a-s---nn-"	1491	TRUE
"v3sasa---"	1483	TRUE
"v2pama---"	1460	TRUE
"v3piia---"	1447	TRUE
"v2saia---"	1431	TRUE
"n-p---nd-"	1426	TRUE
"a-s---fn-"	1419	TRUE
"v3ppia---"	1401	TRUE
"v3sfip---"	1398	TRUE
"v3pfia---"	1395	TRUE
"v3saim---"	1304	TRUE
"n-s----g-"	1287	TRUE
"p-s---nn-"	1280	TRUE
"p-p---ca-"	1243	TRUE
"l-p---fn-"	1241	TRUE
"l-p---fd-"	1201	TRUE
"p-p---cd-"	1198	TRUE
"v3paip---"	1192	TRUE
"a-s---fd-"	1160	TRUE
"l-p---fg-"	1153	TRUE
"p-s---fn-"	1142	TRUE
"v3pfim---"	1094	TRUE
"a-s---mg-"	1034	TRUE
"l-p---nd-"	1030	TRUE
"a-s---nd-"	978	TRUE
"a-s---fg-"	934	TRUE
"a-p---nn-"	926	TRUE
"v3paiD---"	925	TRUE
"a-s---ng-"	915	TRUE
"v2spia---"	906	TRUE
"v2ppma---"	874	TRUE
"p1s---cg-"	836	TRUE
"@"	830	FALSE
"a-s---md-"	824	TRUE
"p-p---nn-"	819	TRUE
"a-p---md-"	815	TRUE
"v-papamn-"	794	TRUE
"v2sasa---"	794	TRUE
"p-p---ng-"	756	TRUE
"v2spma---"	737	TRUE
"v3spim---"	729	TRUE
"a-p---ng-"	722	TRUE
"p-s---ng-"	705	TRUE
"p-p---fa-"	684	TRUE
"n-s------"	678	TRUE
"p2s---cg-"	675	TRUE
"v--anD---"	655	TRUE
"v2ppia---"	648	TRUE
"p-p---cn-"	640	TRUE
"v--anp---"	639	TRUE
"v-pppama-"	636	TRUE
"v1sfim---"	605	TRUE
"v3sfiD---"	592	TRUE
"v2sfim---"	586	TRUE
"v-sppmmn-"	581	TRUE
"p2p---cd-"	569	TRUE
"p2p---cg-"	567	TRUE
"v-pppamg-"	549	TRUE
"v3spiD---"	546	TRUE
"v3pfip---"	539	TRUE
"v2pfia---"	533	TRUE
"v--pnm---"	522	TRUE
"v1sria---"	511	TRUE
"p-p---nd-"	509	TRUE
"v3sasp---"	508	TRUE
"v3srim---"	505	TRUE
"v3sria---"	500	TRUE
"v3pasa---"	499	TRUE
"a-p---fa-"	497	TRUE
"v1paia---"	497	TRUE
"p1s---cn-"	477	TRUE
"v3paim---"	467	TRUE
"v2paia---"	464	TRUE
"m-p---mn-"	447	TRUE
"v1ppia---"	446	TRUE
"v-sppamg-"	438	TRUE
"v2pasa---"	435	TRUE
"p1s---ca-"	429	TRUE
"v1sasa---"	423	TRUE
"v3sasD---"	415	TRUE
"p2p---ca-"	411	TRUE
"v-sppama-"	406	TRUE
"v-sappmn-"	399	TRUE
"p-s---nd-"	395	TRUE
"v-sapDmn-"	387	TRUE
"p1s---cd-"	385	TRUE
"v-pppmmn-"	385	TRUE
"v-sppDmn-"	377	TRUE
"v2pfim---"	376	TRUE
"v3spsa---"	373	TRUE
"p1p---cg-"	372	TRUE
"a-p---fn-"	370	TRUE
"v3siim---"	367	TRUE
"v-sppafn-"	366	TRUE
"n-s----n-"	356	TRUE
"p-p---fd-"	353	TRUE
"v1pasa---"	350	TRUE
"a-p---nd-"	345	TRUE
"n-p---mv-"	342	TRUE
"n-s----a-"	309	TRUE
"v3piim---"	298	TRUE
"v-pppamd-"	292	TRUE
"v2spmm---"	292	TRUE
"m-s---mn-"	290	TRUE
"v--anm---"	289	TRUE
"v-prpmmn-"	288	TRUE
"n------g-"	278	TRUE
"p-p---fn-"	274	TRUE
"v3saoa---"	274	TRUE
"v3spma---"	271	TRUE
"v3siiD---"	269	TRUE
"v-srpmmn-"	265	TRUE
"d-------c"	263	TRUE
"p2s---cd-"	256	TRUE
"p-p---fg-"	253	TRUE
"v--pnD---"	251	TRUE
"v1saiD---"	249	TRUE
"p2s---ca-"	247	TRUE
"v1saip---"	247	TRUE
"v-pppDmn-"	238	TRUE
"m-s---ma-"	237	TRUE
"m-p---ma-"	235	TRUE
"v1pfia---"	235	TRUE
"n-s---fv-"	234	TRUE
"v3sama---"	233	TRUE
"p2p---cn-"	229	TRUE
"v3pfiD---"	229	TRUE
"v-srpamn-"	228	TRUE
"v3ppim---"	223	TRUE
"v-papDmn-"	222	TRUE
"v2samm---"	221	TRUE
"v2ppmm---"	218	TRUE
"v2samp---"	217	TRUE
"v1saim---"	214	TRUE
"v1spim---"	214	TRUE
"v3piiD---"	210	TRUE
"p2s---cn-"	209	TRUE
"v2samD---"	208	TRUE
"a-s---mnc"	207	TRUE
"v-pappmn-"	195	TRUE
"v2sria---"	190	TRUE
"v3ppiD---"	187	TRUE
"v1sfiD---"	179	TRUE
"v2sfip---"	178	TRUE
"v3pasp---"	176	TRUE
"v-prpamn-"	175	TRUE
"v-sppamd-"	175	TRUE
"v-sppafa-"	173	TRUE
"v1pfim---"	173	TRUE
"v2saim---"	171	TRUE
"a-s---nac"	169	TRUE
"p1p---ca-"	165	TRUE
"v-sapafn-"	165	TRUE
"v-srpmfn-"	164	TRUE
"m-s---fa-"	163	TRUE
"v3pama---"	159	TRUE
"n-p---cn-"	158	TRUE
"p1p---cd-"	157	TRUE
"v1sfip---"	155	TRUE
"a-p---fd-"	153	TRUE
"v-sapamg-"	152	TRUE
"n-s---nv-"	151	TRUE
"v2pria---"	151	TRUE
"v3ppsa---"	151	TRUE
"m-p---na-"	149	TRUE
"n-p---cg-"	149	TRUE
"v-sapmmn-"	149	TRUE
"v2sasp---"	149	TRUE
"v-prpmna-"	148	TRUE
"v1siia---"	148	TRUE
"v-sppann-"	147	TRUE
"v1spiD---"	147	TRUE
"a-p---mnc"	144	TRUE
"v2sfiD---"	144	TRUE
"v1pria---"	143	TRUE
"v2ppmD---"	142	TRUE
"v-sppafg-"	141	TRUE
"v3pria---"	141	TRUE
"v2pamD---"	138	TRUE
"v2saiD---"	138	TRUE
"v3sasm---"	136	TRUE
"m-p---fa-"	134	TRUE
"v3sriD---"	134	TRUE
"m-p---fn-"	133	TRUE
"v-prpmma-"	131	TRUE
"v2saip---"	131	TRUE
"v-sppmfn-"	127	TRUE
"v-sppDma-"	126	TRUE
"m-s---fn-"	124	TRUE
"v2pamm---"	124	TRUE
"v2spmD---"	124	TRUE
"a-p---fg-"	122	TRUE
"v-prpmnn-"	122	TRUE
"v-sapama-"	122	TRUE
"v3samp---"	121	TRUE
"v3slia---"	121	TRUE
"n-----m--"	120	TRUE
"v-sppana-"	120	TRUE
"v-srpmnn-"	120	TRUE
"v1siim---"	120	TRUE
"p1p---cn-"	117	TRUE
"v-srpmma-"	117	TRUE
"v3saoD---"	117	TRUE
"v-pppDma-"	116	TRUE
"v2pfip---"	114	TRUE
"v2siia---"	114	TRUE
"v2ppsa---"	113	TRUE
"v2paip---"	112	TRUE
"v-pppmmg-"	111	TRUE
"v-sppmma-"	110	TRUE
"v-pppana-"	109	TRUE
"v3samD---"	108	TRUE
"v-pppmma-"	107	TRUE
"v--rna---"	106	TRUE
"v-srpmfa-"	106	TRUE
"n------n-"	105	TRUE
"n-s---cn-"	105	TRUE
"n-p---ca-"	103	TRUE
"n------d-"	101	TRUE
"v-sppmnn-"	101	TRUE
"a-p---mv-"	100	TRUE
"v-pppafn-"	100	TRUE
"m-s---md-"	99	TRUE
"a-s---nnc"	97	TRUE
"v2pamp---"	97	TRUE
"v2spiD---"	97	TRUE
"v2pasp---"	96	TRUE
"m-s---fd-"	95	TRUE
"v-prpmmg-"	94	TRUE
"v2spsa---"	94	TRUE
"v-srpmna-"	93	TRUE
"m-p---nn-"	89	TRUE
"v1paip---"	89	TRUE
"a-p---mgc"	88	TRUE
"m-s---nn-"	88	TRUE
"v2sasD---"	88	TRUE
"n-p---nv-"	87	TRUE
"v3ppma---"	87	TRUE
"n------a-"	86	TRUE
"n-----mn-"	86	TRUE
"v-pppann-"	85	TRUE
"v1paiD---"	85	TRUE
"n-----mg-"	83	TRUE
"n-s---n--"	83	TRUE
"v1ppsa---"	83	TRUE
"m-s---na-"	82	TRUE
"n-s----d-"	82	TRUE
"v2ppim---"	82	TRUE
"a-p---mac"	81	TRUE
"v-pppDmg-"	81	TRUE
"v3pasD---"	81	TRUE
"v-papmmn-"	79	TRUE
"v-pppmmd-"	79	TRUE
"v2ppiD---"	79	TRUE
"m-s---mg-"	78	TRUE
"v2paiD---"	78	TRUE
"m-p---mg-"	76	TRUE
"v1srim---"	76	TRUE
"v2piia---"	76	TRUE
"v-sppDmg-"	75	TRUE
"v3pamp---"	75	TRUE
"v3plia---"	75	TRUE
"v3spmm---"	75	TRUE
"v2pasD---"	74	TRUE
"a-s---fnc"	73	TRUE
"v-papama-"	72	TRUE
"v-papamg-"	72	TRUE
"n-p---fv-"	71	TRUE
"v-prpama-"	71	TRUE
"v-sppmmg-"	71	TRUE
"v-srpama-"	70	TRUE
"v-srpmfg-"	69	TRUE
"a-s---mv-"	67	TRUE
"v-sapamd-"	67	TRUE
"v1sasp---"	66	TRUE
"p3s---ma-"	65	TRUE
"v-prpmfn-"	65	TRUE
"v1spsa---"	64	TRUE
"v3spsm---"	62	TRUE
"v1pasp---"	61	TRUE
"v-pppang-"	60	TRUE
"v-pppmna-"	60	TRUE
"v2spim---"	60	TRUE
"v-prpamg-"	59	TRUE
"v-pppDmd-"	58	TRUE
"n-s---f--"	56	TRUE
"v1ppim---"	56	TRUE
"n-s---ca-"	54	TRUE
"v-sapDfg-"	54	TRUE
"v--fna---"	53	TRUE
"v-sppDmd-"	53	TRUE
"v1sasD---"	53	TRUE
"v3saop---"	53	TRUE
"v3pasm---"	52	TRUE
"v2pfiD---"	51	TRUE
"v-sapDfn-"	50	TRUE
"v3spmD---"	50	TRUE
"v-sppang-"	49	TRUE
"v1pfiD---"	48	TRUE
"v-sppmfa-"	47	TRUE
"v3prim---"	47	TRUE
"v3spoa---"	47	TRUE
"v-pppmnn-"	46	TRUE
"m-p---ng-"	44	TRUE
"v-pappma-"	44	TRUE
"v-prpmmd-"	44	TRUE
"v-sappnn-"	44	TRUE
"v-sppmna-"	44	TRUE
"p3s---mg-"	43	TRUE
"v-sapDmg-"	43	TRUE
"v1pasD---"	43	TRUE
"v1piia---"	43	TRUE
"a-s---fac"	42	TRUE
"l-p---mv-"	42	TRUE
"v-sppmfg-"	42	TRUE
"m-p----d-"	41	TRUE
"m-s---fg-"	41	TRUE
"n-p---cd-"	41	TRUE
"n-s---cg-"	41	TRUE
"v-papDmg-"	41	TRUE
"v-sappfn-"	41	TRUE
"v-sppDfn-"	40	TRUE
"v3spsD---"	40	TRUE
"a-p---nac"	39	TRUE
"v1sasm---"	39	TRUE
"v3ppmm---"	39	TRUE
"m-p---fd-"	38	TRUE
"v-sppmmd-"	38	TRUE
"v2paim---"	38	TRUE
"m-p---fg-"	37	TRUE
"m-p---md-"	37	TRUE
"v-pppafa-"	37	TRUE
"v-sappma-"	37	TRUE
"v-srpamg-"	37	TRUE
"v3ppsD---"	37	TRUE
"n-----ma-"	36	TRUE
"v-papamd-"	36	TRUE
"v-sappna-"	36	TRUE
"v1pasm---"	36	TRUE
"v2sasm---"	36	TRUE
"v2srim---"	36	TRUE
"v3ppsm---"	36	TRUE
"m-s---ng-"	35	TRUE
"n-----md-"	35	TRUE
"v-prpamd-"	35	TRUE
"v1ppiD---"	35	TRUE
"v1sriD---"	35	TRUE
"a-p---fac"	34	TRUE
"a-s---mac"	34	TRUE
"p2s---ma-"	34	TRUE
"v-sfpamn-"	34	TRUE
"v3paop---"	34	TRUE
"v--rnm---"	33	TRUE
"v-sapafa-"	33	TRUE
"v1siiD---"	33	TRUE
"a-p---mdc"	32	TRUE
"a-s---mgs"	32	TRUE
"m-p---cn-"	32	TRUE
"v-prpmng-"	32	TRUE
"v-sppafd-"	32	TRUE
"v-srpDmn-"	32	TRUE
"v-sappmg-"	31	TRUE
"a-s---mns"	30	TRUE
"m-s---nd-"	30	TRUE
"v-pppDna-"	30	TRUE
"v-prpmfa-"	30	TRUE
"v-srpmmd-"	30	TRUE
"v-srpmmg-"	30	TRUE
"v1pfip---"	30	TRUE
"v3pamD---"	30	TRUE
"n-p----g-"	29	TRUE
"v-pappmg-"	29	TRUE
"v-pppmfn-"	29	TRUE
"v-sapDma-"	29	TRUE
"v-srpmng-"	29	TRUE
"v3slim---"	29	TRUE
"v-sappng-"	28	TRUE
"a-s---fgc"	26	TRUE
"n-s---cd-"	26	TRUE
"v-sappfg-"	26	TRUE
"a-s---mgc"	25	TRUE
"v-srpafn-"	25	TRUE
"a-s---fv-"	24	TRUE
"v1slia---"	24	TRUE
"v3priD---"	24	TRUE
"p3p---mg-"	23	TRUE
"v--fnm---"	23	TRUE
"v-sapmmg-"	23	TRUE
"v-sppmng-"	22	TRUE
"v-srpmfd-"	22	TRUE
"v2pasm---"	22	TRUE
"v3sliD---"	22	TRUE
"d-------s"	21	TRUE
"v-papDma-"	21	TRUE
"v-pappna-"	21	TRUE
"v-sappfa-"	21	TRUE
"v1saoa---"	21	TRUE
"a-s---mdc"	20	TRUE
"v-pppmng-"	20	TRUE
"v-sppDna-"	20	TRUE
"a-p---nas"	19	TRUE
"a-p---nnc"	19	TRUE
"v-pppmfa-"	19	TRUE
"v-prpDmn-"	19	TRUE
"v-sppDnn-"	19	TRUE
"v-srpana-"	19	TRUE
"v-srpDna-"	19	TRUE
"p1s---ma-"	18	TRUE
"v-pppafd-"	18	TRUE
"v-srpamd-"	18	TRUE
"v1paim---"	18	TRUE
"v3paoa---"	18	TRUE
"v3pliD---"	18	TRUE
"a-p---nds"	17	TRUE
"a-s---nas"	17	TRUE
"v--rnD---"	17	TRUE
"v-prpDmg-"	17	TRUE
"v-sapDfa-"	17	TRUE
"v-sppDfa-"	17	TRUE
"v-sppmfd-"	17	TRUE
"v3samm---"	17	TRUE
"m-p----n-"	16	TRUE
"v-papafn-"	16	TRUE
"v-papDfn-"	16	TRUE
"v-sapann-"	16	TRUE
"v-sppDfg-"	16	TRUE
"v2ppsm---"	16	TRUE
"a-s---fdc"	15	TRUE
"a-s---mds"	15	TRUE
"n-p----d-"	15	TRUE
"p-p---mv-"	15	TRUE
"v-prpana-"	15	TRUE
"v-prpmnd-"	15	TRUE
"v1piim---"	15	TRUE
"a-s---mvs"	14	TRUE
"n-p------"	14	TRUE
"p1s---mg-"	14	TRUE
"v-sappmd-"	14	TRUE
"v-sppand-"	14	TRUE
"v-srpmnd-"	14	TRUE
"v2spsD---"	14	TRUE
"v2spsm---"	14	TRUE
"v2sriD---"	14	TRUE
"n-p----a-"	13	TRUE
"v-pappng-"	13	TRUE
"v-pppand-"	13	TRUE
"v-pppmnd-"	13	TRUE
"v-prpDma-"	13	TRUE
"v-srpann-"	13	TRUE
"v-srpDfa-"	13	TRUE
"v2saoa---"	13	TRUE
"v2slia---"	13	TRUE
"m-p---ca-"	12	TRUE
"v-papDna-"	12	TRUE
"v-pppDnn-"	12	TRUE
"v-sapDmd-"	12	TRUE
"v-sppDfd-"	12	TRUE
"v1prim---"	12	TRUE
"v2piim---"	12	TRUE
"v3pamm---"	12	TRUE
"v3ppmD---"	12	TRUE
"a-p---mns"	11	TRUE
"a-p---ngc"	11	TRUE
"m-p---nd-"	11	TRUE
"p2s---mg-"	11	TRUE
"v-pappmd-"	11	TRUE
"v-pppafg-"	11	TRUE
"v-prpann-"	11	TRUE
"v-prpDna-"	11	TRUE
"v-sapDng-"	11	TRUE
"v-sapDnn-"	11	TRUE
"v-srpDfn-"	11	TRUE
"v-srpDma-"	11	TRUE
"v1ppsD---"	11	TRUE
"v1spsD---"	11	TRUE
"v2siiD---"	11	TRUE
"v2srma---"	11	TRUE
"v3ptim---"	11	TRUE
"v3saom---"	11	TRUE
"a-p---fnc"	10	TRUE
"a-s---fas"	10	TRUE
"a-s---fns"	10	TRUE
"p2s---md-"	10	TRUE
"v-papDmd-"	10	TRUE
"v-papmma-"	10	TRUE
"v-pppDfa-"	10	TRUE
"v-prpDng-"	10	TRUE
"v-prpmfd-"	10	TRUE
"v-prpmfg-"	10	TRUE
"v-srpDfg-"	10	TRUE
"v1stim---"	10	TRUE
"v2priD---"	10	TRUE
"a-s---nds"	9	TRUE
"v-pappnn-"	9	TRUE
"v-pppamv-"	9	TRUE
"v-pppDfn-"	9	TRUE
"v-pppDng-"	9	TRUE
"v-pppmfg-"	9	TRUE
"v-sapDna-"	9	TRUE
"v-sapmfn-"	9	TRUE
"v-sfpmmn-"	9	TRUE
"v-srpafa-"	9	TRUE
"v1saop---"	9	TRUE
"v2plia---"	9	TRUE
"v2ppsD---"	9	TRUE
"v2prim---"	9	TRUE
"a-p---mgs"	8	TRUE
"a-s---fds"	8	TRUE
"n-----fn-"	8	TRUE
"n-d---fn-"	8	TRUE
"n-s----v-"	8	TRUE
"v-papDng-"	8	TRUE
"v-papDnn-"	8	TRUE
"v-pppmmv-"	8	TRUE
"v-srpDmg-"	8	TRUE
"v1paoa---"	8	TRUE
"a-p---fv-"	7	TRUE
"a-s---fgs"	7	TRUE
"a-s---mas"	7	TRUE
"a-s---ngs"	7	TRUE
"a-s---nns"	7	TRUE
"a-s---nv-"	7	TRUE
"l-p---fv-"	7	TRUE
"n-----fa-"	7	TRUE
"n-d---fa-"	7	TRUE
"p2p---mg-"	7	TRUE
"p3s---fg-"	7	TRUE
"v--fnD---"	7	TRUE
"v-papana-"	7	TRUE
"v-papmmg-"	7	TRUE
"v-pappfn-"	7	TRUE
"v-pappnd-"	7	TRUE
"v-prpang-"	7	TRUE
"v-prpDmd-"	7	TRUE
"v-prpDnn-"	7	TRUE
"v-sapafg-"	7	TRUE
"v-sppmnd-"	7	TRUE
"v1priD---"	7	TRUE
"v1spsm---"	7	TRUE
"v2piiD---"	7	TRUE
"v2prsa---"	7	TRUE
"v2siim---"	7	TRUE
"a-s----g-"	6	TRUE
"l-p---nv-"	6	TRUE
"m-p----a-"	6	TRUE
"n-p----n-"	6	TRUE
"n-p---cv-"	6	TRUE
"p3s---fa-"	6	TRUE
"v-pppDnd-"	6	TRUE
"v1ppsm---"	6	TRUE
"v2prmm---"	6	TRUE
"v2srsa---"	6	TRUE
"v3paoD---"	6	TRUE
"v3slip---"	6	TRUE
"v3spoD---"	6	TRUE
"a-p---fgc"	5	TRUE
"a-p---mas"	5	TRUE
"a-p---mds"	5	TRUE
"n-----na-"	5	TRUE
"n-d---ma-"	5	TRUE
"n-s---c--"	5	TRUE
"p1s---md-"	5	TRUE
"p3s---ng-"	5	TRUE
"v--fnp---"	5	TRUE
"v-papann-"	5	TRUE
"v-papDfa-"	5	TRUE
"v-papDfg-"	5	TRUE
"v-pfpamn-"	5	TRUE
"v-pfpmna-"	5	TRUE
"v-sapDfd-"	5	TRUE
"v-sapmma-"	5	TRUE
"v-sfpama-"	5	TRUE
"v-sppDng-"	5	TRUE
"v-srpDnn-"	5	TRUE
"v2spoa---"	5	TRUE
"v3paom---"	5	TRUE
"v3ppoa---"	5	TRUE
"a-p---fas"	4	FALSE
"a-p---fdc"	4	FALSE
"a-p---fds"	4	FALSE
"a-p---ngs"	4	FALSE
"a-p---nns"	4	FALSE
"a-s---ndc"	4	FALSE
"m-p---mgc"	4	FALSE
"n-----mv-"	4	FALSE
"n-----nn-"	4	FALSE
"p-p---fv-"	4	FALSE
"p1p---mg-"	4	FALSE
"v-pfpama-"	4	FALSE
"v-pppDmv-"	4	FALSE
"v-prpDfn-"	4	FALSE
"v-sapafd-"	4	FALSE
"v-sapana-"	4	FALSE
"v-sappfd-"	4	FALSE
"v-srpafd-"	4	FALSE
"v-srpafg-"	4	FALSE
"v-srpmmv-"	4	FALSE
"v1paop---"	4	FALSE
"v1piiD---"	4	FALSE
"v1plia---"	4	FALSE
"v1saoD---"	4	FALSE
"v2paop---"	4	FALSE
"v2saoD---"	4	FALSE
"a-p---fgs"	3	FALSE
"a-p---nv-"	3	FALSE
"a-s---mvc"	3	FALSE
"a-s---ngc"	3	FALSE
"l-s---nv-"	3	FALSE
"m-p---m--"	3	FALSE
"p-s---fv-"	3	FALSE
"p3p---fg-"	3	FALSE
"v-pappfa-"	3	FALSE
"v-pfppmg-"	3	FALSE
"v-prpand-"	3	FALSE
"v-prpmmv-"	3	FALSE
"v-sapang-"	3	FALSE
"v-sfpmna-"	3	FALSE
"v-sfpmnn-"	3	FALSE
"v-sppamv-"	3	FALSE
"v-srpang-"	3	FALSE
"v-srpDnd-"	3	FALSE
"v-srpDng-"	3	FALSE
"v1paoD---"	3	FALSE
"v1slim---"	3	FALSE
"v1spoD---"	3	FALSE
"v2prma---"	3	FALSE
"v3daiD---"	3	FALSE
"v3ppoD---"	3	FALSE
"v3sfoa---"	3	FALSE
"v3srmm---"	3	FALSE
"a-----na-"	2	FALSE
"a-p---fns"	2	FALSE
"a-p---mvc"	2	FALSE
"l-s---fv-"	2	FALSE
"m-d----g-"	2	FALSE
"m-d----n-"	2	FALSE
"m-p---cg-"	2	FALSE
"n-----fg-"	2	FALSE
"n-d---mn-"	2	FALSE
"p-s---cv-"	2	FALSE
"p3p---fa-"	2	FALSE
"p3s---fd-"	2	FALSE
"v-papafd-"	2	FALSE
"v-papafg-"	2	FALSE
"v-papang-"	2	FALSE
"v-papDnd-"	2	FALSE
"v-papmfn-"	2	FALSE
"v-pappfg-"	2	FALSE
"v-pfpafn-"	2	FALSE
"v-pfppfa-"	2	FALSE
"v-pppDfd-"	2	FALSE
"v-pppDfg-"	2	FALSE
"v-prpafa-"	2	FALSE
"v-prpafg-"	2	FALSE
"v-prpafn-"	2	FALSE
"v-prpDfa-"	2	FALSE
"v-prpDnd-"	2	FALSE
"v-sfpafa-"	2	FALSE
"v-sfpmfa-"	2	FALSE
"v-sfpmfg-"	2	FALSE
"v-sppafv-"	2	FALSE
"v-sppDnd-"	2	FALSE
"v-srpand-"	2	FALSE
"v-srpDmd-"	2	FALSE
"v-srpmfv-"	2	FALSE
"v1paom---"	2	FALSE
"v1srsa---"	2	FALSE
"v2saop---"	2	FALSE
"v2stim---"	2	FALSE
"v3plim---"	2	FALSE
"v3prmm---"	2	FALSE
"v3spom---"	2	FALSE
"a------d-"	1	FALSE
"a-----mg-"	1	FALSE
"a-----nn-"	1	FALSE
"a-d---fa-"	1	FALSE
"a-d---mn-"	1	FALSE
"a-p---ndc"	1	FALSE
"a-s--Dnn-"	1	FALSE
"d----D---"	1	FALSE
"m-----nn-"	1	FALSE
"m-d----d-"	1	FALSE
"m-p----g-"	1	FALSE
"n-----c--"	1	FALSE
"n-----f--"	1	FALSE
"n-d----a-"	1	FALSE
"n-d----n-"	1	FALSE
"n-d---ng-"	1	FALSE
"n-p---m--"	1	FALSE
"n-s--Dma-"	1	FALSE
"p-d---ma-"	1	FALSE
"p-d---mn-"	1	FALSE
"p-s---mv-"	1	FALSE
"p2p---fa-"	1	FALSE
"p2p---fd-"	1	FALSE
"v-dapmmg-"	1	FALSE
"v-papafa-"	1	FALSE
"v-papDfd-"	1	FALSE
"v-pfpamd-"	1	FALSE
"v-pfpana-"	1	FALSE
"v-pfpDma-"	1	FALSE
"v-pfpDmd-"	1	FALSE
"v-pfpDmg-"	1	FALSE
"v-pfpmma-"	1	FALSE
"v-pfpmmn-"	1	FALSE
"v-pfppma-"	1	FALSE
"v-pfppmd-"	1	FALSE
"v-pfppmn-"	1	FALSE
"v-pfppna-"	1	FALSE
"v-pfppng-"	1	FALSE
"v-pfppnn-"	1	FALSE
"v-pppDfv-"	1	FALSE
"v-pppmfd-"	1	FALSE
"v-prpafv-"	1	FALSE
"v-prpamv-"	1	FALSE
"v-prpDfd-"	1	FALSE
"v-prpDmv-"	1	FALSE
"v-prpmfv-"	1	FALSE
"v-sapmfg-"	1	FALSE
"v-sapmmd-"	1	FALSE
"v-sappnd-"	1	FALSE
"v-sfpafn-"	1	FALSE
"v-sfpana-"	1	FALSE
"v-sfpDma-"	1	FALSE
"v-sfpDna-"	1	FALSE
"v-sfpDnn-"	1	FALSE
"v-sfpmma-"	1	FALSE
"v-sfpmmg-"	1	FALSE
"v-sfppmd-"	1	FALSE
"v-sfppmn-"	1	FALSE
"v-sfppnn-"	1	FALSE
"v-sppDmv-"	1	FALSE
"v-srpDfd-"	1	FALSE
"v1prsa---"	1	FALSE
"v1ptim---"	1	FALSE
"v1saom---"	1	FALSE
"v1spoa---"	1	FALSE
"v2paoa---"	1	FALSE
"v2plim---"	1	FALSE
"v2ppoa---"	1	FALSE
"v2saom---"	1	FALSE
"v2spom---"	1	FALSE
"v2srmm---"	1	FALSE
"v2srsD---"	1	FALSE
"v3prma---"	1	FALSE
"v3sfom---"	1	FALSE
"v3srma---"	1	FALSE
"v3srsa---"	1	FALSE
"v3srsm---"	1	FALSE
"v3stim---"	1	FALSE
